Year,File_Name,Sheet_Name,Province,Sector,PhD_Male,PhD_Female,PhD_Total,Non_PhD_Male,Non_PhD_Female,Non_PhD_Total,Total_Faculty
2010-11,AnnualReport_2010-11_extracted.xlsx,Total Faculty in Pakistani HEIs,All,Private,0.0,0.0,1271.0,0.0,0.0,6970.0,8241.0
2010-11,AnnualReport_2010-11_extracted.xlsx,Total Faculty in Pakistani HEIs,Distance Lear ning,All,0.0,0.0,54.0,0.0,0.0,343.0,397.0
2011-12,AnnualReport_2011-12_extracted.xlsx,Faculty by Province,Sindh,All,0.0,0.0,1429.0,0.0,0.0,7529.0,8958.0
2011-12,AnnualReport_2011-12_extracted.xlsx,Faculty by Province,Federal,All,0.0,0.0,1467.0,0.0,0.0,5603.0,7070.0
2011-12,AnnualReport_2011-12_extracted.xlsx,Faculty by Province,KPK,All,0.0,0.0,955.0,0.0,0.0,3250.0,4205.0
2011-12,AnnualReport_2011-12_extracted.xlsx,Faculty by Province,Balochistan,All,0.0,0.0,92.0,0.0,0.0,1052.0,1144.0
2011-12,AnnualReport_2011-12_extracted.xlsx,Faculty by Province,AJK,All,0.0,0.0,97.0,0.0,0.0,528.0,625.0
2011-12,AnnualReport_2011-12_extracted.xlsx,Faculty by Province,Gilgit-Baltistan,All,0.0,0.0,26.0,0.0,0.0,130.0,156.0
2012-13,AnnualReport_2012-13_extracted.xlsx,Faculty by province,Sindh,All,0.0,0.0,1931.0,0.0,0.0,8648.0,10579.0
2012-13,AnnualReport_2012-13_extracted.xlsx,Faculty by province,Federal,All,0.0,0.0,2284.0,0.0,0.0,7590.0,9874.0
2012-13,AnnualReport_2012-13_extracted.xlsx,Faculty by province,KPK,All,0.0,0.0,1365.0,0.0,0.0,4104.0,5469.0
2012-13,AnnualReport_2012-13_extracted.xlsx,Faculty by province,Balochistan,All,0.0,0.0,149.0,0.0,0.0,1146.0,1295.0
2012-13,AnnualReport_2012-13_extracted.xlsx,Faculty by province,AJK,All,0.0,0.0,152.0,0.0,0.0,868.0,1020.0
2013-14,AnnualReport_2013-14_extracted.xlsx,Faculty by Province,Punjab,All,0.0,0.0,3434.0,0.0,0.0,8017.0,11451.0
2013-14,AnnualReport_2013-14_extracted.xlsx,Faculty by Province,Sindh,All,0.0,0.0,1568.0,0.0,0.0,6356.0,7924.0
2013-14,AnnualReport_2013-14_extracted.xlsx,Faculty by Province,Federal,All,0.0,0.0,2360.0,0.0,0.0,5134.0,7494.0
2013-14,AnnualReport_2013-14_extracted.xlsx,Faculty by Province,Azad Jammu and Kashmir,All,0.0,0.0,178.0,0.0,0.0,765.0,943.0
2013-14,AnnualReport_2013-14_extracted.xlsx,Faculty by Province,All,Distance Learning,0.0,0.0,80.0,0.0,0.0,337.0,417.0
2019-20,AnnualReport_2019-20_extracted.xlsx,"Full Time Faculty (Region, In",AJ&K,All,0.0,0.0,32.0,0.0,0.0,3.0,112.0
2019-20,AnnualReport_2019-20_extracted.xlsx,"Full Time Faculty (Region, In",Baluchistan,All,0.0,0.0,25.0,0.0,0.0,2.0,38.0
2019-20,AnnualReport_2019-20_extracted.xlsx,"Full Time Faculty (Region, In",Federal,All,0.0,0.0,382.0,0.0,0.0,78.0,953.0
2019-20,AnnualReport_2019-20_extracted.xlsx,"Full Time Faculty (Region, In",Gilgit Baltistan,All,0.0,0.0,0.0,0.0,0.0,0.0,0.0
2019-20,AnnualReport_2019-20_extracted.xlsx,"Full Time Faculty (Region, In",Khyber Pakhtunkhwa,All,0.0,0.0,490.0,0.0,0.0,50.0,1087.0
2019-20,AnnualReport_2019-20_extracted.xlsx,"Full Time Faculty (Region, In",Punjab,All,0.0,0.0,1210.0,0.0,0.0,421.0,2731.0
2019-20,AnnualReport_2019-20_extracted.xlsx,"Full Time Faculty (Region, In",Sindh,All,0.0,0.0,653.0,0.0,0.0,288.0,2645.0
2021-22,AnnualReport_2021-22_extracted.xlsx, Faculty (Public and Private) H,"Faculty (Public and Private) HEIs, Region and Qualification-wise 2020-21",All,0.0,0.0,,0.0,0.0,,
2021-22,AnnualReport_2021-22_extracted.xlsx, Faculty (Public and Private) H,Province,All,0.0,0.0,0.0,0.0,0.0,0.0,0.0
2021-22,AnnualReport_2021-22_extracted.xlsx, Faculty (Public and Private) H,AJ&K,Private,36.0,3.0,39.0,126.0,90.0,216.0,255.0
2021-22,AnnualReport_2021-22_extracted.xlsx, Faculty (Public and Private) H,AJ&K,Public,276.0,67.0,343.0,426.0,320.0,746.0,1089.0
2021-22,AnnualReport_2021-22_extracted.xlsx, Faculty (Public and Private) H,Balochistan,Private,34.0,7.0,41.0,41.0,20.0,61.0,102.0
2021-22,AnnualReport_2021-22_extracted.xlsx, Faculty (Public and Private) H,Balochistan,Public,378.0,136.0,514.0,1033.0,664.0,1697.0,2211.0
2021-22,AnnualReport_2021-22_extracted.xlsx, Faculty (Public and Private) H,Federal,Private,473.0,139.0,612.0,1032.0,1077.0,2109.0,2721.0
2021-22,AnnualReport_2021-22_extracted.xlsx, Faculty (Public and Private) H,Federal,Public,2954.0,985.0,3939.0,2501.0,1894.0,4395.0,8334.0
2021-22,AnnualReport_2021-22_extracted.xlsx, Faculty (Public and Private) H,Gilgit- Baltistan,Public,91.0,8.0,99.0,87.0,46.0,133.0,232.0
2021-22,AnnualReport_2021-22_extracted.xlsx, Faculty (Public and Private) H,Khyber Pakhtunkhwa,Private,539.0,55.0,594.0,1131.0,416.0,1547.0,2141.0
2021-22,AnnualReport_2021-22_extracted.xlsx, Faculty (Public and Private) H,Khyber Pakhtunkhwa,Public,2387.0,566.0,2953.0,1720.0,916.0,2636.0,5589.0
2021-22,AnnualReport_2021-22_extracted.xlsx, Faculty (Public and Private) H,Punjab,Private,1419.0,567.0,1986.0,2698.0,2509.0,5207.0,7193.0
2021-22,AnnualReport_2021-22_extracted.xlsx, Faculty (Public and Private) H,Punjab,Public,3651.0,1790.0,5443.0,3734.0,4180.0,8293.0,13736.0
2021-22,AnnualReport_2021-22_extracted.xlsx, Faculty (Public and Private) H,Sindh,Private,801.0,394.0,1195.0,2757.0,2565.0,5322.0,6517.0
2021-22,AnnualReport_2021-22_extracted.xlsx, Faculty (Public and Private) H,Sindh,Public,1635.0,703.0,2338.0,2844.0,1878.0,4722.0,7060.0
2023-24,AnnualReport_2023-24_extracted.xlsx,Faculty (Public and Private) HE,"Faculty (Public and Private) HEIs, Region and Qualification-wise 2022-23",All,0.0,0.0,,0.0,0.0,,
2023-24,AnnualReport_2023-24_extracted.xlsx,Faculty (Public and Private) HE,Province,All,0.0,0.0,0.0,0.0,0.0,0.0,0.0
2023-24,AnnualReport_2023-24_extracted.xlsx,Faculty (Public and Private) HE,AJ&K,Private,28.0,3.0,31.0,98.0,54.0,152.0,183.0
2023-24,AnnualReport_2023-24_extracted.xlsx,Faculty (Public and Private) HE,AJ&K,Public,279.0,91.0,370.0,360.0,302.0,662.0,1032.0
2023-24,AnnualReport_2023-24_extracted.xlsx,Faculty (Public and Private) HE,Balochistan,Private,39.0,4.0,43.0,70.0,41.0,111.0,154.0
2023-24,AnnualReport_2023-24_extracted.xlsx,Faculty (Public and Private) HE,Balochistan,Public,440.0,157.0,597.0,1085.0,697.0,1782.0,2379.0
2023-24,AnnualReport_2023-24_extracted.xlsx,Faculty (Public and Private) HE,Federal,Private,469.0,173.0,642.0,1370.0,1529.0,2899.0,3541.0
2023-24,AnnualReport_2023-24_extracted.xlsx,Faculty (Public and Private) HE,Federal,Public,3036.0,1088.0,4124.0,2363.0,1995.0,4358.0,8482.0
2023-24,AnnualReport_2023-24_extracted.xlsx,Faculty (Public and Private) HE,Gilgit-Baltistan,Public,91.0,8.0,99.0,88.0,46.0,134.0,233.0
2023-24,AnnualReport_2023-24_extracted.xlsx,Faculty (Public and Private) HE,"Khyber
Pakhtunkhwa",Private,480.0,61.0,541.0,1156.0,512.0,1668.0,2209.0
2023-24,AnnualReport_2023-24_extracted.xlsx,Faculty (Public and Private) HE,"Khyber
Pakhtunkhwa",Public,2383.0,635.0,3018.0,2026.0,948.0,2974.0,5992.0
2023-24,AnnualReport_2023-24_extracted.xlsx,Faculty (Public and Private) HE,Punjab,Private,1741.0,794.0,2535.0,2851.0,2923.0,5774.0,8309.0
2023-24,AnnualReport_2023-24_extracted.xlsx,Faculty (Public and Private) HE,Punjab,Public,3909.0,1873.0,5782.0,3775.0,4092.0,7867.0,13649.0
2023-24,AnnualReport_2023-24_extracted.xlsx,Faculty (Public and Private) HE,Sindh,Private,842.0,460.0,1302.0,2959.0,2868.0,5827.0,7129.0
2023-24,AnnualReport_2023-24_extracted.xlsx,Faculty (Public and Private) HE,Sindh,Public,1565.0,675.0,2240.0,2986.0,1981.0,4967.0,7207.0
